basis,m,lambda,train_rmse,test_rmse,test_r2,test_mae
Тригонометрический,9,0.0,0.10119,0.09357,0.99302,0.07531
Тригонометрический,9,0.0001,0.10119,0.09376,0.99299,0.07558
Тригонометрический,9,0.001,0.10139,0.09487,0.99282,0.07706
Тригонометрический,9,0.01,0.10189,0.09643,0.99258,0.07871
Тригонометрический,9,0.1,0.10205,0.09706,0.99248,0.07935
Тригонометрический,9,1.0,0.10436,0.10129,0.99181,0.08285
Тригонометрический,9,10.0,0.21336,0.1999,0.96812,0.16653
