dataset,n_train,n_test,n_features,y_mean,y_std
diabetes,331,111,10,151.4712990936556,76.38985074670519
california_housing,1500,500,8,2.0806391333333334,1.153234233874418
