model,kernel,param,loo_rmse,test_rmse,test_mae,test_r2
nw_fixed,gaussian,0.12,0.5307428224989358,0.2137168404443822,0.16768620591130676,0.9261610611435103
nw_variable,gaussian,5,0.5296899643912164,0.24147434601513515,0.17567902232490507,0.9057351124387388
lowess,quartic,10.0,0.6827710910877148,0.12081665217483774,0.09126934426960295,0.9722961814630846
