model,test_rmse,test_mae,test_r2
case6_best_fixed,0.6494482757243141,0.25431730575982564,0.5955950365147342
case6_best_variable,0.6526252150238416,0.2570159638579389,0.5916288625879521
case6_best_overall,0.6494482757243141,0.25431730575982564,0.5955950365147342
