check,lhs,rhs,abs_diff
L(phi1),2.37,2.37,0.0
L(phi2),-0.84,-0.84,0.0
Линейность: L(phi1+phi2),0.11170347608703546,0.11170347608703546,0.0
