outlier_fraction,nw_rmse,lowess_rmse,nw_mae,lowess_mae
0.0,0.14405715596445562,0.14857944441919282,0.11044396972166816,0.11541906201954238
0.03,0.14980921456721896,0.14817442209770562,0.11502906692727917,0.11448874039641506
0.06,0.1603028600980844,0.14966258400069965,0.12061759730214598,0.11640565475839412
0.1,0.29474287183332293,0.15010934954740546,0.22704529882861305,0.11619075354848042
0.15,0.26393949106469267,0.1456579396781313,0.19312411029658544,0.11137426524812907
0.2,0.31184014897735396,0.14873850628248328,0.23430701444754634,0.11310430092768513
0.3,0.4511908788282675,0.15749847875427692,0.33473377611074256,0.12472276060108198
