outlier_fraction,nw_rmse,lowess_rmse
0.0,0.14281,0.14215
0.03,0.22058,0.1758
0.06,0.60825,0.62013
0.1,0.70451,0.71667
0.15,0.84466,0.79391
0.2,1.19815,1.19135
